glider,deploy,missionElapsed,distTot_km,distCov_km,distRem_km,avgSpd_km_day,avgTrkSpd_km_day,avgSpdRec_km_day,missionRem,missionRemRec,eta,etaRec,plannedRecov
sg274,14-Feb-2026 09:57:37,12.2957523148148,249.137765333887,222.569135997591,828.341861323061,20.262100191601,18.101302815723,16.2012793896654,45.7614498666666,51.1281758310674,2026-Apr-13 11:00 UTC-10:00,2026-Apr-18 20:00 UTC-10:00,2026-Apr-09 09:00 UTC-10:00
sg607,10-Feb-2026 11:08:36,15.8353587962963,299.149160021589,312.857627357632,736.307686054068,18.8912145199739,19.7569017148387,NaN,37.2683782448062,NaN,2026-Apr-04 14:00 UTC-10:00,NaT,2026-Apr-08 09:00 UTC-10:00
sg639,11-Feb-2026 20:06:25,14.7620023148148,306.168638535932,268.076989188024,937.392838030494,20.7403190980852,18.1599340977604,24.746382653464,51.6187356729504,37.8799944685765,2026-Apr-19 05:00 UTC-10:00,2026-Apr-05 12:00 UTC-10:00,2026-Apr-14 09:00 UTC-10:00
sg679,05-Feb-2026 20:47:28,20.7181481481481,405.856050775855,396.561501484394,811.30910607104,19.5893980424178,19.140779313321,13.6050194375091,42.386419737174,59.6330721758661,2026-Apr-09 23:00 UTC-10:00,2026-Apr-27 05:00 UTC-10:00,2026-Apr-14 09:00 UTC-10:00
