glider,deploy,missionElapsed,distTot_km,distCov_km,distRem_km,avgSpd_km_day,avgTrkSpd_km_day,avgSpdRec_km_day,missionRem,missionRemRec,eta,etaRec,plannedRecov
sg274,14-Feb-2026 09:57:37,17.2301273148148,332.516080648891,301.518454720899,749.392542599752,19.2985272002597,17.4994908169743,17.9438266255512,42.8236770108106,41.7632514088522,2026-Apr-15 11:00 UTC-10:00,2026-Apr-14 10:00 UTC-10:00,2026-Apr-09 09:00 UTC-10:00
sg607,10-Feb-2026 11:08:36,20.955462962963,417.846494751391,415.379649293748,633.785664117952,19.9397405578631,19.8220220678444,17.5872529114607,31.9738148786591,36.0366492316118,2026-Apr-04 09:00 UTC-10:00,2026-Apr-08 11:00 UTC-10:00,2026-Apr-08 09:00 UTC-10:00
sg639,11-Feb-2026 20:06:25,19.8782638888889,445.971671821633,416.68202706744,794.446750747255,22.4351419376675,20.9616910911595,13.9421709109063,37.8999359971633,56.9815673487261,2026-Apr-10 15:00 UTC-10:00,2026-Apr-29 17:00 UTC-10:00,2026-Apr-14 09:00 UTC-10:00
sg679,05-Feb-2026 20:47:28,25.8047800925926,479.812282790734,469.347581092574,738.52302646286,18.5939303132626,18.1883968554842,13.6117704497779,40.6040748027871,54.2562063610842,2026-Apr-13 07:00 UTC-10:00,2026-Apr-26 22:00 UTC-10:00,2026-Apr-14 09:00 UTC-10:00
