glider,missionElapsed,distTot_km,distCov_km,distRem_km,avgSpd_km_day,avgTrkSpd_km_day,avgSpdRec_km_day,missionRem,missionRemRec,eta,etaRec,plannedRecov
sg274,10.3351041666667,216.191606979752,190.150707165108,1009.15155209688,20.9181836480202,18.3985283649479,19.0482297956887,54.8495799272445,52.9787577596997,2026-Apr-20 14:00 UTC-10:00,2026-Apr-18 17:00 UTC-10:00,2026-Apr-24 09:00 UTC-10:00
sg607,14.2062615740741,262.14713376885,284.127434429958,664.355789991207,18.4529288301477,20.0001550688381,NaN,33.2175319493561,NaN,2026-Mar-29 21:00 UTC-10:00,NaT,2026-Apr-10 09:00 UTC-10:00
sg639,12.801099537037,257.838601222171,231.802639975455,992.024696797591,20.1419105035606,18.1080257445689,24.0531446609002,54.7837025853096,41.2430354027756,2026-Apr-20 10:00 UTC-10:00,2026-Apr-06 21:00 UTC-10:00,2026-Apr-16 09:00 UTC-10:00
sg679,18.810474537037,377.867663428355,368.589499904051,839.281107651383,20.0881515606823,19.5949070385393,17.1738735741773,42.8315942505206,48.8696451634142,2026-Apr-08 12:00 UTC-10:00,2026-Apr-14 13:00 UTC-10:00,2026-Apr-16 09:00 UTC-10:00
