glider,deploy,missionElapsed,distTot_km,distCov_km,distRem_km,avgSpd_km_day,avgTrkSpd_km_day,avgSpdRec_km_day,missionRem,missionRemRec,eta,etaRec,plannedRecov
sg274,14-Feb-2026 09:57:37,15.1614930555556,296.181836285972,266.457762033833,784.453235286818,19.5351364935291,17.5746386623972,15.812598397112,44.6355256774206,49.6093820627285,2026-Apr-15 05:00 UTC-10:00,2026-Apr-20 04:00 UTC-10:00,2026-Apr-09 09:00 UTC-10:00
sg607,10-Feb-2026 11:08:36,18.6587384259259,371.210243513477,363.217852542034,685.947460869666,19.8947128707099,19.4663671385923,18.528237100408,35.2375692899455,37.0217337543981,2026-Apr-05 09:00 UTC-10:00,2026-Apr-07 03:00 UTC-10:00,2026-Apr-08 09:00 UTC-10:00
sg639,11-Feb-2026 20:06:25,17.7199768518519,399.759113976926,369.857967614069,841.270810200626,22.5597988823077,20.8723730683326,32.5052306390765,40.3054701756455,25.8810903248686,2026-Apr-10 21:00 UTC-10:00,2026-Mar-27 11:00 UTC-10:00,2026-Apr-14 09:00 UTC-10:00
sg679,05-Feb-2026 20:47:28,23.7604513888889,447.816309210187,439.717741211673,768.15286634376,18.8471297064499,18.506287360235,13.1568194297657,41.5076698740943,58.3843892092879,2026-Apr-12 03:00 UTC-10:00,2026-Apr-29 00:00 UTC-10:00,2026-Apr-14 09:00 UTC-10:00
