glider,deploy,missionElapsed,distTot_km,distCov_km,distRem_km,avgSpd_km_day,avgTrkSpd_km_day,avgSpdRec_km_day,missionRem,missionRemRec,eta,etaRec,plannedRecov
sg274,14-Feb-2026 09:57:37,12.6976041666667,256.128657381426,229.218788147408,821.692209173244,20.1714161206731,18.0521289795082,17.2235946293623,45.5177453089319,47.7073588211629,2026-Apr-13 15:00 UTC-10:00,2026-Apr-15 20:00 UTC-10:00,2026-Apr-09 09:00 UTC-10:00
sg607,10-Feb-2026 11:08:36,16.5419791666667,313.166327510517,325.937812522553,723.227500889147,18.9316117711943,19.7036768840419,15.1223296069124,36.7052050815395,47.8251380368381,2026-Apr-04 17:00 UTC-10:00,2026-Apr-15 20:00 UTC-10:00,2026-Apr-08 09:00 UTC-10:00
sg639,11-Feb-2026 20:06:25,15.1986689814815,318.653507677493,281.546762598409,923.92306462011,20.9658824773241,18.5244354582269,25.9346518450246,49.8759094010493,35.6250421305485,2026-Apr-17 22:00 UTC-10:00,2026-Apr-03 16:00 UTC-10:00,2026-Apr-14 09:00 UTC-10:00
sg679,05-Feb-2026 20:47:28,21.1285763888889,411.85356949654,402.535105684577,805.335501870857,19.492726907674,19.0516908605476,13.2616727591012,42.2710775524156,60.7265400451217,2026-Apr-10 06:00 UTC-10:00,2026-Apr-28 17:00 UTC-10:00,2026-Apr-14 09:00 UTC-10:00
