glider,deploy,missionElapsed,distTot_km,distCov_km,distRem_km,avgSpd_km_day,avgTrkSpd_km_day,avgSpdRec_km_day,missionRem,missionRemRec,eta,etaRec,plannedRecov
sg274,14-Feb-2026 09:57:37,11.133287037037,229.513570447981,203.070851509792,847.84014581086,20.6150770823082,18.2399726903867,17.5856703698561,46.4825337297633,48.2119889648426,2026-Apr-13 01:00 UTC-10:00,2026-Apr-14 18:00 UTC-10:00,2026-Apr-09 09:00 UTC-10:00
sg607,10-Feb-2026 11:08:36,14.6846759259259,287.628755772593,294.346127912381,754.819185499319,19.5870005728068,20.0444415251078,20.3813995273344,37.6572819229624,37.0347082636302,2026-Apr-03 19:00 UTC-10:00,2026-Apr-03 04:00 UTC-10:00,2026-Apr-08 09:00 UTC-10:00
sg639,11-Feb-2026 20:06:25,13.8772800925926,284.334938851373,261.574106393573,943.895720824946,20.4892411880586,18.8490903583618,24.7506170255701,50.0764600773543,38.1362500922623,2026-Apr-16 19:00 UTC-10:00,2026-Apr-04 20:00 UTC-10:00,2026-Apr-14 09:00 UTC-10:00
sg679,05-Feb-2026 20:47:28,19.870462962963,394.330781215204,385.062858920198,822.807748635236,19.8450726563446,19.3786556275979,15.5880918003697,42.4594855518998,52.7843792025731,2026-Apr-09 05:00 UTC-10:00,2026-Apr-19 13:00 UTC-10:00,2026-Apr-14 09:00 UTC-10:00
