glider,deploy,missionElapsed,distTot_km,distCov_km,distRem_km,avgSpd_km_day,avgTrkSpd_km_day,avgSpdRec_km_day,missionRem,missionRemRec,eta,etaRec,plannedRecov
sg274,14-Feb-2026 09:57:37,14.1486342592593,280.231426701441,252.128324670556,798.782672650095,19.8062527850029,17.819976122823,17.2720410491142,44.8251258668663,46.2471499678993,2026-Apr-14 09:00 UTC-10:00,2026-Apr-15 19:00 UTC-10:00,2026-Apr-09 09:00 UTC-10:00
sg607,10-Feb-2026 11:08:36,18.1819097222222,357.82772092404,354.432263281539,694.733050130161,19.6804255653463,19.4936763352392,13.913720766008,35.6388932586448,49.931507309492,2026-Apr-05 07:00 UTC-10:00,2026-Apr-19 14:00 UTC-10:00,2026-Apr-08 09:00 UTC-10:00
sg639,11-Feb-2026 20:06:25,16.6870023148148,366.314467123662,335.726216197924,875.402561616771,21.9520834367265,20.1190249671066,32.7098809639734,43.5111822291589,26.7626336696528,2026-Apr-13 01:00 UTC-10:00,2026-Mar-27 07:00 UTC-10:00,2026-Apr-14 09:00 UTC-10:00
sg679,05-Feb-2026 20:47:28,22.6584027777778,433.99821218289,423.949385529788,783.921222025646,19.1539631649824,18.7104708874527,15.9471441650651,41.8974608785152,49.1574675635627,2026-Apr-11 10:00 UTC-10:00,2026-Apr-18 16:00 UTC-10:00,2026-Apr-14 09:00 UTC-10:00
