glider,deploy,missionElapsed,distTot_km,distCov_km,distRem_km,avgSpd_km_day,avgTrkSpd_km_day,avgSpdRec_km_day,missionRem,missionRemRec,eta,etaRec,plannedRecov
sg274,14-Feb-2026 09:57:37,11.133287037037,229.513570447981,203.070851509792,847.84014581086,20.6150770823082,18.2399726903867,17.5856703698561,46.4825337297633,48.2119889648426,2026-Apr-13 01:00 UTC-10:00,2026-Apr-14 18:00 UTC-10:00,2026-Apr-09 09:00 UTC-10:00
sg607,10-Feb-2026 11:08:36,14.6846759259259,287.628755772593,294.346127912381,754.819185499319,19.5870005728068,20.0444415251078,20.3813995273344,37.6572819229624,37.0347082636302,2026-Apr-03 19:00 UTC-10:00,2026-Apr-03 04:00 UTC-10:00,2026-Apr-08 09:00 UTC-10:00
sg639,11-Feb-2026 20:06:25,13.6552314814815,278.877731999443,253.553054083729,951.91677313479,20.4227758700131,18.568198893412,25.4152086341451,51.265972461795,37.4546117971228,2026-Apr-17 18:00 UTC-10:00,2026-Apr-03 23:00 UTC-10:00,2026-Apr-14 09:00 UTC-10:00
sg679,05-Feb-2026 20:47:28,19.6576967592593,391.503385131294,382.287666747804,825.58294080763,19.916035430086,19.4472257573989,15.1578396551984,42.4524788834483,54.4657391546226,2026-Apr-08 23:00 UTC-10:00,2026-Apr-21 00:00 UTC-10:00,2026-Apr-14 09:00 UTC-10:00
