glider,deploy,missionElapsed,distTot_km,distCov_km,distRem_km,avgSpd_km_day,avgTrkSpd_km_day,avgSpdRec_km_day,missionRem,missionRemRec,eta,etaRec,plannedRecov
sg274,14-Feb-2026 09:57:37,18.269375,351.194458685377,319.417864707968,731.493132612683,19.2231238718006,17.4837871962214,18.0459348565585,41.8383685641503,40.5350644578456,2026-Apr-15 13:00 UTC-10:00,2026-Apr-14 05:00 UTC-10:00,2026-Apr-09 09:00 UTC-10:00
sg607,10-Feb-2026 11:08:36,22.0655555555556,447.295663905091,440.495204739253,608.670108672447,20.2712169552637,19.9630235291469,22.5464153489108,30.4898758338767,26.9963140150282,2026-Apr-04 00:00 UTC-10:00,2026-Mar-31 13:00 UTC-10:00,2026-Apr-08 09:00 UTC-10:00
sg639,11-Feb-2026 20:06:25,20.7657638888889,458.486527993,428.71882669262,782.409951122075,22.0789627796125,20.6454638021775,13.6267810375733,37.8974266995907,57.4170781026512,2026-Apr-11 12:00 UTC-10:00,2026-May-01 00:00 UTC-10:00,2026-Apr-14 09:00 UTC-10:00
sg679,05-Feb-2026 20:47:28,26.8316435185185,493.28726027878,481.291487117909,726.579120437525,18.384533915648,17.9374583143121,13.1480660795494,40.5062471898705,55.2612921201887,2026-Apr-14 05:00 UTC-10:00,2026-Apr-28 23:00 UTC-10:00,2026-Apr-14 09:00 UTC-10:00
