glider,deploy,missionElapsed,distTot_km,distCov_km,distRem_km,avgSpd_km_day,avgTrkSpd_km_day,avgSpdRec_km_day,missionRem,missionRemRec,eta,etaRec,plannedRecov
sg274,14-Feb-2026 09:57:37,15.5774884259259,303.393132719978,273.223613697661,777.68738362299,19.4763831257313,17.5396447891388,16.7476039157372,44.3388331390019,46.4357401533853,2026-Apr-15 08:00 UTC-10:00,2026-Apr-17 10:00 UTC-10:00,2026-Apr-09 09:00 UTC-10:00
sg607,10-Feb-2026 11:08:36,19.589224537037,391.818023787855,383.273802771551,665.891510640149,20.0017118108505,19.5655423749369,21.3942255945889,34.0338896760227,31.1248242053019,2026-Apr-05 02:00 UTC-10:00,2026-Apr-02 04:00 UTC-10:00,2026-Apr-08 09:00 UTC-10:00
sg639,11-Feb-2026 20:06:25,18.1295833333333,411.585772302726,380.226876274389,830.901901540307,22.7024396940209,20.9727311038251,31.4330650339232,39.6182021991768,26.4340082853384,2026-Apr-10 14:00 UTC-10:00,2026-Mar-28 10:00 UTC-10:00,2026-Apr-14 09:00 UTC-10:00
sg679,05-Feb-2026 20:47:28,24.2717013888889,456.204839366879,447.643094635113,760.227512920321,18.7957503290528,18.443004363923,15.307918504964,41.2203726637635,49.6623700128659,2026-Apr-12 09:00 UTC-10:00,2026-Apr-20 19:00 UTC-10:00,2026-Apr-14 09:00 UTC-10:00
